,Service,Composite ranking,Sum of ranks,Import_Time,Import_Time_Rank,Simple_Query_1x_Time,Simple_Query_1x_Rank,Simple_Query_1000x_Time,Simple_Query_1000x_Time_Per_Query,Simple_Query_1000x_Rank,Complex_Query_Time,Time_Per_Complex_Query,Complex_Query_Rank,Complex/Simple Query Ratio
0,AWS,1,9,41.0067843914032,3,0.060395038127899134,2,33.99158990383148,0.033991589903831484,1,53.41529202461243,1.0683058404922485,3,31.428534043705636
1,Azure,2,10,40.748103618621826,2,0.06673103570938108,3,37.26768922805786,0.037267689228057864,3,16.240557074546814,0.32481114149093626,2,8.71562332462498
2,Snowflake,3,12,17.480363655090333,1,0.13927584886550903,5,181.7221051454544,0.1817221051454544,5,10.372685849666595,0.2074537169933319,1,1.1415986889832768
3,Heroku,4,14,54.51302361488342,5,0.05683465003967284,1,35.360053062438965,0.035360053062438966,2,135.69701784849167,2.7139403569698333,6,76.75159175178678
4,GCP,5,16,41.315156316757204,4,0.12317726612091062,4,100.52352356910706,0.10052352356910706,4,54.25963592529297,1.0851927185058594,4,10.79541066584102
5,Databricks,6,23,65.53688230514527,6,0.821428918838501,6,757.5142556428909,0.7575142556428909,6,63.37789726257324,1.267557945251465,5,1.673312331496267
