,Service,Time,Trial
0,AWS,33.9016854763031,1
1,GCP,99.47928428649902,1
2,Azure,36.31703162193298,1
3,Heroku,36.37943506240845,1
4,Snowflake,187.3049840927124,1
5,Databricks,767.9999821186066,1
6,AWS,34.08149433135986,2
7,GCP,101.56776285171509,2
8,Azure,38.21834683418274,2
9,Heroku,34.34067106246948,2
10,Snowflake,176.1392261981964,2
11,Databricks,747.0285291671753,2
